time,obj,cube_scale,topk,seed,ee_index,ik_iters,ik_attempts,joint_force,descent_step,descend_clear,vel_close,pos_close,squeeze,fast,fast_scale,n_trials,success_count,success_rate,obj_shape,grasps_path,tag
2025-11-20 23:11:47,grasp_6dof/assets/cylinder.urdf,0.08,24,1,11,400,5,900.0,0.0004,0.014,0.6,700.0,1.0,1,0.9,12,0,0.0,other,grasp_6dof/dataset/gen_cylinder_patched_pruned_FIXED.json,cylinder.urdf_pc700_sq1.0_topk24_gen_cylinder_patched_pruned_FIXED
2025-11-20 23:12:06,grasp_6dof/assets/cylinder.urdf,0.08,24,1,11,400,5,900.0,0.0004,0.014,0.6,700.0,1.5,1,0.9,12,0,0.0,other,grasp_6dof/dataset/gen_cylinder_patched_pruned_FIXED.json,cylinder.urdf_pc700_sq1.5_topk24_gen_cylinder_patched_pruned_FIXED
2025-11-20 23:12:24,grasp_6dof/assets/cylinder.urdf,0.08,24,1,11,400,5,900.0,0.0004,0.014,0.6,900.0,1.0,1,0.9,12,0,0.0,other,grasp_6dof/dataset/gen_cylinder_patched_pruned_FIXED.json,cylinder.urdf_pc900_sq1.0_topk24_gen_cylinder_patched_pruned_FIXED
2025-11-20 23:12:43,grasp_6dof/assets/cylinder.urdf,0.08,24,1,11,400,5,900.0,0.0004,0.014,0.6,900.0,1.5,1,0.9,12,0,0.0,other,grasp_6dof/dataset/gen_cylinder_patched_pruned_FIXED.json,cylinder.urdf_pc900_sq1.5_topk24_gen_cylinder_patched_pruned_FIXED
2025-11-20 23:13:02,grasp_6dof/assets/cylinder.urdf,0.08,24,1,11,400,5,900.0,0.0004,0.014,0.6,1100.0,1.0,1,0.9,12,0,0.0,other,grasp_6dof/dataset/gen_cylinder_patched_pruned_FIXED.json,cylinder.urdf_pc1100_sq1.0_topk24_gen_cylinder_patched_pruned_FIXED
2025-11-20 23:13:21,grasp_6dof/assets/cylinder.urdf,0.08,24,1,11,400,5,900.0,0.0004,0.014,0.6,1100.0,1.5,1,0.9,12,0,0.0,other,grasp_6dof/dataset/gen_cylinder_patched_pruned_FIXED.json,cylinder.urdf_pc1100_sq1.5_topk24_gen_cylinder_patched_pruned_FIXED
2025-11-20 23:13:40,grasp_6dof/assets/cylinder.urdf,0.08,24,1,11,400,5,900.0,0.0004,0.014,0.8,700.0,1.0,1,0.9,12,0,0.0,other,grasp_6dof/dataset/gen_cylinder_patched_pruned_FIXED.json,cylinder.urdf_pc700_sq1.0_topk24_gen_cylinder_patched_pruned_FIXED
2025-11-20 23:13:59,grasp_6dof/assets/cylinder.urdf,0.08,24,1,11,400,5,900.0,0.0004,0.014,0.8,700.0,1.5,1,0.9,12,0,0.0,other,grasp_6dof/dataset/gen_cylinder_patched_pruned_FIXED.json,cylinder.urdf_pc700_sq1.5_topk24_gen_cylinder_patched_pruned_FIXED
2025-11-20 23:14:18,grasp_6dof/assets/cylinder.urdf,0.08,24,1,11,400,5,900.0,0.0004,0.014,0.8,900.0,1.0,1,0.9,12,0,0.0,other,grasp_6dof/dataset/gen_cylinder_patched_pruned_FIXED.json,cylinder.urdf_pc900_sq1.0_topk24_gen_cylinder_patched_pruned_FIXED
2025-11-20 23:14:37,grasp_6dof/assets/cylinder.urdf,0.08,24,1,11,400,5,900.0,0.0004,0.014,0.8,900.0,1.5,1,0.9,12,0,0.0,other,grasp_6dof/dataset/gen_cylinder_patched_pruned_FIXED.json,cylinder.urdf_pc900_sq1.5_topk24_gen_cylinder_patched_pruned_FIXED
2025-11-20 23:14:55,grasp_6dof/assets/cylinder.urdf,0.08,24,1,11,400,5,900.0,0.0004,0.014,0.8,1100.0,1.0,1,0.9,12,0,0.0,other,grasp_6dof/dataset/gen_cylinder_patched_pruned_FIXED.json,cylinder.urdf_pc1100_sq1.0_topk24_gen_cylinder_patched_pruned_FIXED
2025-11-20 23:15:14,grasp_6dof/assets/cylinder.urdf,0.08,24,1,11,400,5,900.0,0.0004,0.014,0.8,1100.0,1.5,1,0.9,12,0,0.0,other,grasp_6dof/dataset/gen_cylinder_patched_pruned_FIXED.json,cylinder.urdf_pc1100_sq1.5_topk24_gen_cylinder_patched_pruned_FIXED
2025-11-20 23:15:33,grasp_6dof/assets/cylinder.urdf,0.08,24,1,11,400,5,900.0,0.0004,0.014,1.0,700.0,1.0,1,0.9,12,0,0.0,other,grasp_6dof/dataset/gen_cylinder_patched_pruned_FIXED.json,cylinder.urdf_pc700_sq1.0_topk24_gen_cylinder_patched_pruned_FIXED
2025-11-20 23:15:52,grasp_6dof/assets/cylinder.urdf,0.08,24,1,11,400,5,900.0,0.0004,0.014,1.0,700.0,1.5,1,0.9,12,0,0.0,other,grasp_6dof/dataset/gen_cylinder_patched_pruned_FIXED.json,cylinder.urdf_pc700_sq1.5_topk24_gen_cylinder_patched_pruned_FIXED
2025-11-20 23:16:11,grasp_6dof/assets/cylinder.urdf,0.08,24,1,11,400,5,900.0,0.0004,0.014,1.0,900.0,1.0,1,0.9,12,0,0.0,other,grasp_6dof/dataset/gen_cylinder_patched_pruned_FIXED.json,cylinder.urdf_pc900_sq1.0_topk24_gen_cylinder_patched_pruned_FIXED
2025-11-20 23:16:30,grasp_6dof/assets/cylinder.urdf,0.08,24,1,11,400,5,900.0,0.0004,0.014,1.0,900.0,1.5,1,0.9,12,0,0.0,other,grasp_6dof/dataset/gen_cylinder_patched_pruned_FIXED.json,cylinder.urdf_pc900_sq1.5_topk24_gen_cylinder_patched_pruned_FIXED
2025-11-20 23:16:49,grasp_6dof/assets/cylinder.urdf,0.08,24,1,11,400,5,900.0,0.0004,0.014,1.0,1100.0,1.0,1,0.9,12,0,0.0,other,grasp_6dof/dataset/gen_cylinder_patched_pruned_FIXED.json,cylinder.urdf_pc1100_sq1.0_topk24_gen_cylinder_patched_pruned_FIXED
2025-11-20 23:17:08,grasp_6dof/assets/cylinder.urdf,0.08,24,1,11,400,5,900.0,0.0004,0.014,1.0,1100.0,1.5,1,0.9,12,0,0.0,other,grasp_6dof/dataset/gen_cylinder_patched_pruned_FIXED.json,cylinder.urdf_pc1100_sq1.5_topk24_gen_cylinder_patched_pruned_FIXED
2025-11-20 23:17:27,grasp_6dof/assets/cylinder.urdf,0.08,24,1,11,400,5,900.0,0.0006,0.014,0.6,700.0,1.0,1,0.9,12,0,0.0,other,grasp_6dof/dataset/gen_cylinder_patched_pruned_FIXED.json,cylinder.urdf_pc700_sq1.0_topk24_gen_cylinder_patched_pruned_FIXED
2025-11-20 23:17:45,grasp_6dof/assets/cylinder.urdf,0.08,24,1,11,400,5,900.0,0.0006,0.014,0.6,700.0,1.5,1,0.9,12,0,0.0,other,grasp_6dof/dataset/gen_cylinder_patched_pruned_FIXED.json,cylinder.urdf_pc700_sq1.5_topk24_gen_cylinder_patched_pruned_FIXED
2025-11-20 23:18:04,grasp_6dof/assets/cylinder.urdf,0.08,24,1,11,400,5,900.0,0.0006,0.014,0.6,900.0,1.0,1,0.9,12,0,0.0,other,grasp_6dof/dataset/gen_cylinder_patched_pruned_FIXED.json,cylinder.urdf_pc900_sq1.0_topk24_gen_cylinder_patched_pruned_FIXED
2025-11-20 23:18:23,grasp_6dof/assets/cylinder.urdf,0.08,24,1,11,400,5,900.0,0.0006,0.014,0.6,900.0,1.5,1,0.9,12,0,0.0,other,grasp_6dof/dataset/gen_cylinder_patched_pruned_FIXED.json,cylinder.urdf_pc900_sq1.5_topk24_gen_cylinder_patched_pruned_FIXED
2025-11-20 23:18:41,grasp_6dof/assets/cylinder.urdf,0.08,24,1,11,400,5,900.0,0.0006,0.014,0.6,1100.0,1.0,1,0.9,12,0,0.0,other,grasp_6dof/dataset/gen_cylinder_patched_pruned_FIXED.json,cylinder.urdf_pc1100_sq1.0_topk24_gen_cylinder_patched_pruned_FIXED
2025-11-20 23:19:00,grasp_6dof/assets/cylinder.urdf,0.08,24,1,11,400,5,900.0,0.0006,0.014,0.6,1100.0,1.5,1,0.9,12,0,0.0,other,grasp_6dof/dataset/gen_cylinder_patched_pruned_FIXED.json,cylinder.urdf_pc1100_sq1.5_topk24_gen_cylinder_patched_pruned_FIXED
2025-11-20 23:19:19,grasp_6dof/assets/cylinder.urdf,0.08,24,1,11,400,5,900.0,0.0006,0.014,0.8,700.0,1.0,1,0.9,12,0,0.0,other,grasp_6dof/dataset/gen_cylinder_patched_pruned_FIXED.json,cylinder.urdf_pc700_sq1.0_topk24_gen_cylinder_patched_pruned_FIXED
2025-11-20 23:19:37,grasp_6dof/assets/cylinder.urdf,0.08,24,1,11,400,5,900.0,0.0006,0.014,0.8,700.0,1.5,1,0.9,12,0,0.0,other,grasp_6dof/dataset/gen_cylinder_patched_pruned_FIXED.json,cylinder.urdf_pc700_sq1.5_topk24_gen_cylinder_patched_pruned_FIXED
2025-11-20 23:19:55,grasp_6dof/assets/cylinder.urdf,0.08,24,1,11,400,5,900.0,0.0006,0.014,0.8,900.0,1.0,1,0.9,12,0,0.0,other,grasp_6dof/dataset/gen_cylinder_patched_pruned_FIXED.json,cylinder.urdf_pc900_sq1.0_topk24_gen_cylinder_patched_pruned_FIXED
2025-11-20 23:20:14,grasp_6dof/assets/cylinder.urdf,0.08,24,1,11,400,5,900.0,0.0006,0.014,0.8,900.0,1.5,1,0.9,12,0,0.0,other,grasp_6dof/dataset/gen_cylinder_patched_pruned_FIXED.json,cylinder.urdf_pc900_sq1.5_topk24_gen_cylinder_patched_pruned_FIXED
2025-11-20 23:20:33,grasp_6dof/assets/cylinder.urdf,0.08,24,1,11,400,5,900.0,0.0006,0.014,0.8,1100.0,1.0,1,0.9,12,0,0.0,other,grasp_6dof/dataset/gen_cylinder_patched_pruned_FIXED.json,cylinder.urdf_pc1100_sq1.0_topk24_gen_cylinder_patched_pruned_FIXED
2025-11-20 23:20:51,grasp_6dof/assets/cylinder.urdf,0.08,24,1,11,400,5,900.0,0.0006,0.014,0.8,1100.0,1.5,1,0.9,12,0,0.0,other,grasp_6dof/dataset/gen_cylinder_patched_pruned_FIXED.json,cylinder.urdf_pc1100_sq1.5_topk24_gen_cylinder_patched_pruned_FIXED
2025-11-20 23:21:10,grasp_6dof/assets/cylinder.urdf,0.08,24,1,11,400,5,900.0,0.0006,0.014,1.0,700.0,1.0,1,0.9,12,0,0.0,other,grasp_6dof/dataset/gen_cylinder_patched_pruned_FIXED.json,cylinder.urdf_pc700_sq1.0_topk24_gen_cylinder_patched_pruned_FIXED
2025-11-20 23:21:28,grasp_6dof/assets/cylinder.urdf,0.08,24,1,11,400,5,900.0,0.0006,0.014,1.0,700.0,1.5,1,0.9,12,0,0.0,other,grasp_6dof/dataset/gen_cylinder_patched_pruned_FIXED.json,cylinder.urdf_pc700_sq1.5_topk24_gen_cylinder_patched_pruned_FIXED
2025-11-20 23:21:47,grasp_6dof/assets/cylinder.urdf,0.08,24,1,11,400,5,900.0,0.0006,0.014,1.0,900.0,1.0,1,0.9,12,0,0.0,other,grasp_6dof/dataset/gen_cylinder_patched_pruned_FIXED.json,cylinder.urdf_pc900_sq1.0_topk24_gen_cylinder_patched_pruned_FIXED
2025-11-20 23:22:05,grasp_6dof/assets/cylinder.urdf,0.08,24,1,11,400,5,900.0,0.0006,0.014,1.0,900.0,1.5,1,0.9,12,0,0.0,other,grasp_6dof/dataset/gen_cylinder_patched_pruned_FIXED.json,cylinder.urdf_pc900_sq1.5_topk24_gen_cylinder_patched_pruned_FIXED
2025-11-20 23:22:24,grasp_6dof/assets/cylinder.urdf,0.08,24,1,11,400,5,900.0,0.0006,0.014,1.0,1100.0,1.0,1,0.9,12,0,0.0,other,grasp_6dof/dataset/gen_cylinder_patched_pruned_FIXED.json,cylinder.urdf_pc1100_sq1.0_topk24_gen_cylinder_patched_pruned_FIXED
2025-11-20 23:22:43,grasp_6dof/assets/cylinder.urdf,0.08,24,1,11,400,5,900.0,0.0006,0.014,1.0,1100.0,1.5,1,0.9,12,0,0.0,other,grasp_6dof/dataset/gen_cylinder_patched_pruned_FIXED.json,cylinder.urdf_pc1100_sq1.5_topk24_gen_cylinder_patched_pruned_FIXED
2025-11-20 23:23:02,grasp_6dof/assets/cylinder.urdf,0.08,24,1,11,400,5,900.0,0.0004,0.016,0.6,700.0,1.0,1,0.9,12,0,0.0,other,grasp_6dof/dataset/gen_cylinder_patched_pruned_FIXED.json,cylinder.urdf_pc700_sq1.0_topk24_gen_cylinder_patched_pruned_FIXED
2025-11-20 23:23:21,grasp_6dof/assets/cylinder.urdf,0.08,24,1,11,400,5,900.0,0.0004,0.016,0.6,700.0,1.5,1,0.9,12,0,0.0,other,grasp_6dof/dataset/gen_cylinder_patched_pruned_FIXED.json,cylinder.urdf_pc700_sq1.5_topk24_gen_cylinder_patched_pruned_FIXED
2025-11-20 23:23:40,grasp_6dof/assets/cylinder.urdf,0.08,24,1,11,400,5,900.0,0.0004,0.016,0.6,900.0,1.0,1,0.9,12,0,0.0,other,grasp_6dof/dataset/gen_cylinder_patched_pruned_FIXED.json,cylinder.urdf_pc900_sq1.0_topk24_gen_cylinder_patched_pruned_FIXED
2025-11-20 23:23:59,grasp_6dof/assets/cylinder.urdf,0.08,24,1,11,400,5,900.0,0.0004,0.016,0.6,900.0,1.5,1,0.9,12,0,0.0,other,grasp_6dof/dataset/gen_cylinder_patched_pruned_FIXED.json,cylinder.urdf_pc900_sq1.5_topk24_gen_cylinder_patched_pruned_FIXED
2025-11-20 23:24:18,grasp_6dof/assets/cylinder.urdf,0.08,24,1,11,400,5,900.0,0.0004,0.016,0.6,1100.0,1.0,1,0.9,12,0,0.0,other,grasp_6dof/dataset/gen_cylinder_patched_pruned_FIXED.json,cylinder.urdf_pc1100_sq1.0_topk24_gen_cylinder_patched_pruned_FIXED
2025-11-20 23:24:37,grasp_6dof/assets/cylinder.urdf,0.08,24,1,11,400,5,900.0,0.0004,0.016,0.6,1100.0,1.5,1,0.9,12,0,0.0,other,grasp_6dof/dataset/gen_cylinder_patched_pruned_FIXED.json,cylinder.urdf_pc1100_sq1.5_topk24_gen_cylinder_patched_pruned_FIXED
2025-11-20 23:24:57,grasp_6dof/assets/cylinder.urdf,0.08,24,1,11,400,5,900.0,0.0004,0.016,0.8,700.0,1.0,1,0.9,12,0,0.0,other,grasp_6dof/dataset/gen_cylinder_patched_pruned_FIXED.json,cylinder.urdf_pc700_sq1.0_topk24_gen_cylinder_patched_pruned_FIXED
2025-11-20 23:25:17,grasp_6dof/assets/cylinder.urdf,0.08,24,1,11,400,5,900.0,0.0004,0.016,0.8,700.0,1.5,1,0.9,12,0,0.0,other,grasp_6dof/dataset/gen_cylinder_patched_pruned_FIXED.json,cylinder.urdf_pc700_sq1.5_topk24_gen_cylinder_patched_pruned_FIXED
2025-11-20 23:25:38,grasp_6dof/assets/cylinder.urdf,0.08,24,1,11,400,5,900.0,0.0004,0.016,0.8,900.0,1.0,1,0.9,12,0,0.0,other,grasp_6dof/dataset/gen_cylinder_patched_pruned_FIXED.json,cylinder.urdf_pc900_sq1.0_topk24_gen_cylinder_patched_pruned_FIXED
2025-11-20 23:25:58,grasp_6dof/assets/cylinder.urdf,0.08,24,1,11,400,5,900.0,0.0004,0.016,0.8,900.0,1.5,1,0.9,12,0,0.0,other,grasp_6dof/dataset/gen_cylinder_patched_pruned_FIXED.json,cylinder.urdf_pc900_sq1.5_topk24_gen_cylinder_patched_pruned_FIXED
2025-11-20 23:26:18,grasp_6dof/assets/cylinder.urdf,0.08,24,1,11,400,5,900.0,0.0004,0.016,0.8,1100.0,1.0,1,0.9,12,0,0.0,other,grasp_6dof/dataset/gen_cylinder_patched_pruned_FIXED.json,cylinder.urdf_pc1100_sq1.0_topk24_gen_cylinder_patched_pruned_FIXED
2025-11-20 23:26:38,grasp_6dof/assets/cylinder.urdf,0.08,24,1,11,400,5,900.0,0.0004,0.016,0.8,1100.0,1.5,1,0.9,12,0,0.0,other,grasp_6dof/dataset/gen_cylinder_patched_pruned_FIXED.json,cylinder.urdf_pc1100_sq1.5_topk24_gen_cylinder_patched_pruned_FIXED
2025-11-20 23:26:58,grasp_6dof/assets/cylinder.urdf,0.08,24,1,11,400,5,900.0,0.0004,0.016,1.0,700.0,1.0,1,0.9,12,0,0.0,other,grasp_6dof/dataset/gen_cylinder_patched_pruned_FIXED.json,cylinder.urdf_pc700_sq1.0_topk24_gen_cylinder_patched_pruned_FIXED
2025-11-20 23:27:17,grasp_6dof/assets/cylinder.urdf,0.08,24,1,11,400,5,900.0,0.0004,0.016,1.0,700.0,1.5,1,0.9,12,0,0.0,other,grasp_6dof/dataset/gen_cylinder_patched_pruned_FIXED.json,cylinder.urdf_pc700_sq1.5_topk24_gen_cylinder_patched_pruned_FIXED
2025-11-20 23:27:36,grasp_6dof/assets/cylinder.urdf,0.08,24,1,11,400,5,900.0,0.0004,0.016,1.0,900.0,1.0,1,0.9,12,0,0.0,other,grasp_6dof/dataset/gen_cylinder_patched_pruned_FIXED.json,cylinder.urdf_pc900_sq1.0_topk24_gen_cylinder_patched_pruned_FIXED
2025-11-20 23:27:56,grasp_6dof/assets/cylinder.urdf,0.08,24,1,11,400,5,900.0,0.0004,0.016,1.0,900.0,1.5,1,0.9,12,0,0.0,other,grasp_6dof/dataset/gen_cylinder_patched_pruned_FIXED.json,cylinder.urdf_pc900_sq1.5_topk24_gen_cylinder_patched_pruned_FIXED
2025-11-20 23:28:15,grasp_6dof/assets/cylinder.urdf,0.08,24,1,11,400,5,900.0,0.0004,0.016,1.0,1100.0,1.0,1,0.9,12,0,0.0,other,grasp_6dof/dataset/gen_cylinder_patched_pruned_FIXED.json,cylinder.urdf_pc1100_sq1.0_topk24_gen_cylinder_patched_pruned_FIXED
2025-11-20 23:28:34,grasp_6dof/assets/cylinder.urdf,0.08,24,1,11,400,5,900.0,0.0004,0.016,1.0,1100.0,1.5,1,0.9,12,0,0.0,other,grasp_6dof/dataset/gen_cylinder_patched_pruned_FIXED.json,cylinder.urdf_pc1100_sq1.5_topk24_gen_cylinder_patched_pruned_FIXED
2025-11-20 23:28:52,grasp_6dof/assets/cylinder.urdf,0.08,24,1,11,400,5,900.0,0.0006,0.016,0.6,700.0,1.0,1,0.9,12,0,0.0,other,grasp_6dof/dataset/gen_cylinder_patched_pruned_FIXED.json,cylinder.urdf_pc700_sq1.0_topk24_gen_cylinder_patched_pruned_FIXED
2025-11-20 23:29:11,grasp_6dof/assets/cylinder.urdf,0.08,24,1,11,400,5,900.0,0.0006,0.016,0.6,700.0,1.5,1,0.9,12,0,0.0,other,grasp_6dof/dataset/gen_cylinder_patched_pruned_FIXED.json,cylinder.urdf_pc700_sq1.5_topk24_gen_cylinder_patched_pruned_FIXED
2025-11-20 23:29:29,grasp_6dof/assets/cylinder.urdf,0.08,24,1,11,400,5,900.0,0.0006,0.016,0.6,900.0,1.0,1,0.9,12,0,0.0,other,grasp_6dof/dataset/gen_cylinder_patched_pruned_FIXED.json,cylinder.urdf_pc900_sq1.0_topk24_gen_cylinder_patched_pruned_FIXED
2025-11-20 23:29:48,grasp_6dof/assets/cylinder.urdf,0.08,24,1,11,400,5,900.0,0.0006,0.016,0.6,900.0,1.5,1,0.9,12,0,0.0,other,grasp_6dof/dataset/gen_cylinder_patched_pruned_FIXED.json,cylinder.urdf_pc900_sq1.5_topk24_gen_cylinder_patched_pruned_FIXED
2025-11-20 23:30:07,grasp_6dof/assets/cylinder.urdf,0.08,24,1,11,400,5,900.0,0.0006,0.016,0.6,1100.0,1.0,1,0.9,12,0,0.0,other,grasp_6dof/dataset/gen_cylinder_patched_pruned_FIXED.json,cylinder.urdf_pc1100_sq1.0_topk24_gen_cylinder_patched_pruned_FIXED
2025-11-20 23:30:25,grasp_6dof/assets/cylinder.urdf,0.08,24,1,11,400,5,900.0,0.0006,0.016,0.6,1100.0,1.5,1,0.9,12,0,0.0,other,grasp_6dof/dataset/gen_cylinder_patched_pruned_FIXED.json,cylinder.urdf_pc1100_sq1.5_topk24_gen_cylinder_patched_pruned_FIXED
2025-11-20 23:30:44,grasp_6dof/assets/cylinder.urdf,0.08,24,1,11,400,5,900.0,0.0006,0.016,0.8,700.0,1.0,1,0.9,12,0,0.0,other,grasp_6dof/dataset/gen_cylinder_patched_pruned_FIXED.json,cylinder.urdf_pc700_sq1.0_topk24_gen_cylinder_patched_pruned_FIXED
2025-11-20 23:31:02,grasp_6dof/assets/cylinder.urdf,0.08,24,1,11,400,5,900.0,0.0006,0.016,0.8,700.0,1.5,1,0.9,12,0,0.0,other,grasp_6dof/dataset/gen_cylinder_patched_pruned_FIXED.json,cylinder.urdf_pc700_sq1.5_topk24_gen_cylinder_patched_pruned_FIXED
2025-11-20 23:31:21,grasp_6dof/assets/cylinder.urdf,0.08,24,1,11,400,5,900.0,0.0006,0.016,0.8,900.0,1.0,1,0.9,12,0,0.0,other,grasp_6dof/dataset/gen_cylinder_patched_pruned_FIXED.json,cylinder.urdf_pc900_sq1.0_topk24_gen_cylinder_patched_pruned_FIXED
2025-11-20 23:31:39,grasp_6dof/assets/cylinder.urdf,0.08,24,1,11,400,5,900.0,0.0006,0.016,0.8,900.0,1.5,1,0.9,12,0,0.0,other,grasp_6dof/dataset/gen_cylinder_patched_pruned_FIXED.json,cylinder.urdf_pc900_sq1.5_topk24_gen_cylinder_patched_pruned_FIXED
2025-11-20 23:31:58,grasp_6dof/assets/cylinder.urdf,0.08,24,1,11,400,5,900.0,0.0006,0.016,0.8,1100.0,1.0,1,0.9,12,0,0.0,other,grasp_6dof/dataset/gen_cylinder_patched_pruned_FIXED.json,cylinder.urdf_pc1100_sq1.0_topk24_gen_cylinder_patched_pruned_FIXED
2025-11-20 23:32:16,grasp_6dof/assets/cylinder.urdf,0.08,24,1,11,400,5,900.0,0.0006,0.016,0.8,1100.0,1.5,1,0.9,12,0,0.0,other,grasp_6dof/dataset/gen_cylinder_patched_pruned_FIXED.json,cylinder.urdf_pc1100_sq1.5_topk24_gen_cylinder_patched_pruned_FIXED
2025-11-20 23:32:35,grasp_6dof/assets/cylinder.urdf,0.08,24,1,11,400,5,900.0,0.0006,0.016,1.0,700.0,1.0,1,0.9,12,0,0.0,other,grasp_6dof/dataset/gen_cylinder_patched_pruned_FIXED.json,cylinder.urdf_pc700_sq1.0_topk24_gen_cylinder_patched_pruned_FIXED
2025-11-20 23:32:54,grasp_6dof/assets/cylinder.urdf,0.08,24,1,11,400,5,900.0,0.0006,0.016,1.0,700.0,1.5,1,0.9,12,0,0.0,other,grasp_6dof/dataset/gen_cylinder_patched_pruned_FIXED.json,cylinder.urdf_pc700_sq1.5_topk24_gen_cylinder_patched_pruned_FIXED
2025-11-20 23:33:12,grasp_6dof/assets/cylinder.urdf,0.08,24,1,11,400,5,900.0,0.0006,0.016,1.0,900.0,1.0,1,0.9,12,0,0.0,other,grasp_6dof/dataset/gen_cylinder_patched_pruned_FIXED.json,cylinder.urdf_pc900_sq1.0_topk24_gen_cylinder_patched_pruned_FIXED
2025-11-20 23:33:31,grasp_6dof/assets/cylinder.urdf,0.08,24,1,11,400,5,900.0,0.0006,0.016,1.0,900.0,1.5,1,0.9,12,0,0.0,other,grasp_6dof/dataset/gen_cylinder_patched_pruned_FIXED.json,cylinder.urdf_pc900_sq1.5_topk24_gen_cylinder_patched_pruned_FIXED
2025-11-20 23:33:49,grasp_6dof/assets/cylinder.urdf,0.08,24,1,11,400,5,900.0,0.0006,0.016,1.0,1100.0,1.0,1,0.9,12,0,0.0,other,grasp_6dof/dataset/gen_cylinder_patched_pruned_FIXED.json,cylinder.urdf_pc1100_sq1.0_topk24_gen_cylinder_patched_pruned_FIXED
2025-11-20 23:34:08,grasp_6dof/assets/cylinder.urdf,0.08,24,1,11,400,5,900.0,0.0006,0.016,1.0,1100.0,1.5,1,0.9,12,0,0.0,other,grasp_6dof/dataset/gen_cylinder_patched_pruned_FIXED.json,cylinder.urdf_pc1100_sq1.5_topk24_gen_cylinder_patched_pruned_FIXED
2025-11-20 23:34:27,grasp_6dof/assets/cylinder.urdf,0.08,24,1,11,400,5,900.0,0.0004,0.02,0.6,700.0,1.0,1,0.9,12,0,0.0,other,grasp_6dof/dataset/gen_cylinder_patched_pruned_FIXED.json,cylinder.urdf_pc700_sq1.0_topk24_gen_cylinder_patched_pruned_FIXED
2025-11-20 23:34:46,grasp_6dof/assets/cylinder.urdf,0.08,24,1,11,400,5,900.0,0.0004,0.02,0.6,700.0,1.5,1,0.9,12,0,0.0,other,grasp_6dof/dataset/gen_cylinder_patched_pruned_FIXED.json,cylinder.urdf_pc700_sq1.5_topk24_gen_cylinder_patched_pruned_FIXED
2025-11-20 23:35:05,grasp_6dof/assets/cylinder.urdf,0.08,24,1,11,400,5,900.0,0.0004,0.02,0.6,900.0,1.0,1,0.9,12,0,0.0,other,grasp_6dof/dataset/gen_cylinder_patched_pruned_FIXED.json,cylinder.urdf_pc900_sq1.0_topk24_gen_cylinder_patched_pruned_FIXED
2025-11-20 23:35:24,grasp_6dof/assets/cylinder.urdf,0.08,24,1,11,400,5,900.0,0.0004,0.02,0.6,900.0,1.5,1,0.9,12,0,0.0,other,grasp_6dof/dataset/gen_cylinder_patched_pruned_FIXED.json,cylinder.urdf_pc900_sq1.5_topk24_gen_cylinder_patched_pruned_FIXED
2025-11-20 23:35:43,grasp_6dof/assets/cylinder.urdf,0.08,24,1,11,400,5,900.0,0.0004,0.02,0.6,1100.0,1.0,1,0.9,12,0,0.0,other,grasp_6dof/dataset/gen_cylinder_patched_pruned_FIXED.json,cylinder.urdf_pc1100_sq1.0_topk24_gen_cylinder_patched_pruned_FIXED
2025-11-20 23:36:02,grasp_6dof/assets/cylinder.urdf,0.08,24,1,11,400,5,900.0,0.0004,0.02,0.6,1100.0,1.5,1,0.9,12,0,0.0,other,grasp_6dof/dataset/gen_cylinder_patched_pruned_FIXED.json,cylinder.urdf_pc1100_sq1.5_topk24_gen_cylinder_patched_pruned_FIXED
2025-11-20 23:36:21,grasp_6dof/assets/cylinder.urdf,0.08,24,1,11,400,5,900.0,0.0004,0.02,0.8,700.0,1.0,1,0.9,12,0,0.0,other,grasp_6dof/dataset/gen_cylinder_patched_pruned_FIXED.json,cylinder.urdf_pc700_sq1.0_topk24_gen_cylinder_patched_pruned_FIXED
2025-11-20 23:36:40,grasp_6dof/assets/cylinder.urdf,0.08,24,1,11,400,5,900.0,0.0004,0.02,0.8,700.0,1.5,1,0.9,12,0,0.0,other,grasp_6dof/dataset/gen_cylinder_patched_pruned_FIXED.json,cylinder.urdf_pc700_sq1.5_topk24_gen_cylinder_patched_pruned_FIXED
2025-11-20 23:36:59,grasp_6dof/assets/cylinder.urdf,0.08,24,1,11,400,5,900.0,0.0004,0.02,0.8,900.0,1.0,1,0.9,12,0,0.0,other,grasp_6dof/dataset/gen_cylinder_patched_pruned_FIXED.json,cylinder.urdf_pc900_sq1.0_topk24_gen_cylinder_patched_pruned_FIXED
2025-11-20 23:37:18,grasp_6dof/assets/cylinder.urdf,0.08,24,1,11,400,5,900.0,0.0004,0.02,0.8,900.0,1.5,1,0.9,12,0,0.0,other,grasp_6dof/dataset/gen_cylinder_patched_pruned_FIXED.json,cylinder.urdf_pc900_sq1.5_topk24_gen_cylinder_patched_pruned_FIXED
2025-11-20 23:37:37,grasp_6dof/assets/cylinder.urdf,0.08,24,1,11,400,5,900.0,0.0004,0.02,0.8,1100.0,1.0,1,0.9,12,0,0.0,other,grasp_6dof/dataset/gen_cylinder_patched_pruned_FIXED.json,cylinder.urdf_pc1100_sq1.0_topk24_gen_cylinder_patched_pruned_FIXED
2025-11-20 23:37:57,grasp_6dof/assets/cylinder.urdf,0.08,24,1,11,400,5,900.0,0.0004,0.02,0.8,1100.0,1.5,1,0.9,12,0,0.0,other,grasp_6dof/dataset/gen_cylinder_patched_pruned_FIXED.json,cylinder.urdf_pc1100_sq1.5_topk24_gen_cylinder_patched_pruned_FIXED
2025-11-20 23:38:16,grasp_6dof/assets/cylinder.urdf,0.08,24,1,11,400,5,900.0,0.0004,0.02,1.0,700.0,1.0,1,0.9,12,0,0.0,other,grasp_6dof/dataset/gen_cylinder_patched_pruned_FIXED.json,cylinder.urdf_pc700_sq1.0_topk24_gen_cylinder_patched_pruned_FIXED
2025-11-20 23:38:36,grasp_6dof/assets/cylinder.urdf,0.08,24,1,11,400,5,900.0,0.0004,0.02,1.0,700.0,1.5,1,0.9,12,0,0.0,other,grasp_6dof/dataset/gen_cylinder_patched_pruned_FIXED.json,cylinder.urdf_pc700_sq1.5_topk24_gen_cylinder_patched_pruned_FIXED
2025-11-20 23:38:55,grasp_6dof/assets/cylinder.urdf,0.08,24,1,11,400,5,900.0,0.0004,0.02,1.0,900.0,1.0,1,0.9,12,0,0.0,other,grasp_6dof/dataset/gen_cylinder_patched_pruned_FIXED.json,cylinder.urdf_pc900_sq1.0_topk24_gen_cylinder_patched_pruned_FIXED
2025-11-20 23:39:14,grasp_6dof/assets/cylinder.urdf,0.08,24,1,11,400,5,900.0,0.0004,0.02,1.0,900.0,1.5,1,0.9,12,0,0.0,other,grasp_6dof/dataset/gen_cylinder_patched_pruned_FIXED.json,cylinder.urdf_pc900_sq1.5_topk24_gen_cylinder_patched_pruned_FIXED
2025-11-20 23:39:55,grasp_6dof/assets/cylinder.urdf,0.08,24,1,11,400,5,900.0,0.0004,0.014,0.6,700.0,1.0,1,0.9,12,0,0.0,other,grasp_6dof/dataset/gen_cylinder_patched_pruned_FIXED.json,cylinder.urdf_pc700_sq1.0_topk24_gen_cylinder_patched_pruned_FIXED
2025-11-20 23:40:14,grasp_6dof/assets/cylinder.urdf,0.08,24,1,11,400,5,900.0,0.0004,0.014,0.6,700.0,1.5,1,0.9,12,0,0.0,other,grasp_6dof/dataset/gen_cylinder_patched_pruned_FIXED.json,cylinder.urdf_pc700_sq1.5_topk24_gen_cylinder_patched_pruned_FIXED
2025-11-20 23:40:33,grasp_6dof/assets/cylinder.urdf,0.08,24,1,11,400,5,900.0,0.0004,0.014,0.6,900.0,1.0,1,0.9,12,0,0.0,other,grasp_6dof/dataset/gen_cylinder_patched_pruned_FIXED.json,cylinder.urdf_pc900_sq1.0_topk24_gen_cylinder_patched_pruned_FIXED
2025-11-20 23:40:52,grasp_6dof/assets/cylinder.urdf,0.08,24,1,11,400,5,900.0,0.0004,0.014,0.6,900.0,1.5,1,0.9,12,0,0.0,other,grasp_6dof/dataset/gen_cylinder_patched_pruned_FIXED.json,cylinder.urdf_pc900_sq1.5_topk24_gen_cylinder_patched_pruned_FIXED
2025-11-20 23:41:11,grasp_6dof/assets/cylinder.urdf,0.08,24,1,11,400,5,900.0,0.0004,0.014,0.6,1100.0,1.0,1,0.9,12,0,0.0,other,grasp_6dof/dataset/gen_cylinder_patched_pruned_FIXED.json,cylinder.urdf_pc1100_sq1.0_topk24_gen_cylinder_patched_pruned_FIXED
2025-11-20 23:41:30,grasp_6dof/assets/cylinder.urdf,0.08,24,1,11,400,5,900.0,0.0004,0.014,0.6,1100.0,1.5,1,0.9,12,0,0.0,other,grasp_6dof/dataset/gen_cylinder_patched_pruned_FIXED.json,cylinder.urdf_pc1100_sq1.5_topk24_gen_cylinder_patched_pruned_FIXED
2025-11-20 23:41:50,grasp_6dof/assets/cylinder.urdf,0.08,24,1,11,400,5,900.0,0.0004,0.014,0.8,700.0,1.0,1,0.9,12,0,0.0,other,grasp_6dof/dataset/gen_cylinder_patched_pruned_FIXED.json,cylinder.urdf_pc700_sq1.0_topk24_gen_cylinder_patched_pruned_FIXED
2025-11-20 23:42:10,grasp_6dof/assets/cylinder.urdf,0.08,24,1,11,400,5,900.0,0.0004,0.014,0.8,700.0,1.5,1,0.9,12,0,0.0,other,grasp_6dof/dataset/gen_cylinder_patched_pruned_FIXED.json,cylinder.urdf_pc700_sq1.5_topk24_gen_cylinder_patched_pruned_FIXED
2025-11-20 23:42:29,grasp_6dof/assets/cylinder.urdf,0.08,24,1,11,400,5,900.0,0.0004,0.014,0.8,900.0,1.0,1,0.9,12,0,0.0,other,grasp_6dof/dataset/gen_cylinder_patched_pruned_FIXED.json,cylinder.urdf_pc900_sq1.0_topk24_gen_cylinder_patched_pruned_FIXED
2025-11-20 23:42:49,grasp_6dof/assets/cylinder.urdf,0.08,24,1,11,400,5,900.0,0.0004,0.014,0.8,900.0,1.5,1,0.9,12,0,0.0,other,grasp_6dof/dataset/gen_cylinder_patched_pruned_FIXED.json,cylinder.urdf_pc900_sq1.5_topk24_gen_cylinder_patched_pruned_FIXED
2025-11-20 23:43:10,grasp_6dof/assets/cylinder.urdf,0.08,24,1,11,400,5,900.0,0.0004,0.014,0.8,1100.0,1.0,1,0.9,12,0,0.0,other,grasp_6dof/dataset/gen_cylinder_patched_pruned_FIXED.json,cylinder.urdf_pc1100_sq1.0_topk24_gen_cylinder_patched_pruned_FIXED
2025-11-20 23:43:29,grasp_6dof/assets/cylinder.urdf,0.08,24,1,11,400,5,900.0,0.0004,0.014,0.8,1100.0,1.5,1,0.9,12,0,0.0,other,grasp_6dof/dataset/gen_cylinder_patched_pruned_FIXED.json,cylinder.urdf_pc1100_sq1.5_topk24_gen_cylinder_patched_pruned_FIXED
2025-11-20 23:43:49,grasp_6dof/assets/cylinder.urdf,0.08,24,1,11,400,5,900.0,0.0004,0.014,1.0,700.0,1.0,1,0.9,12,0,0.0,other,grasp_6dof/dataset/gen_cylinder_patched_pruned_FIXED.json,cylinder.urdf_pc700_sq1.0_topk24_gen_cylinder_patched_pruned_FIXED
2025-11-20 23:44:09,grasp_6dof/assets/cylinder.urdf,0.08,24,1,11,400,5,900.0,0.0004,0.014,1.0,700.0,1.5,1,0.9,12,0,0.0,other,grasp_6dof/dataset/gen_cylinder_patched_pruned_FIXED.json,cylinder.urdf_pc700_sq1.5_topk24_gen_cylinder_patched_pruned_FIXED
2025-11-20 23:44:29,grasp_6dof/assets/cylinder.urdf,0.08,24,1,11,400,5,900.0,0.0004,0.014,1.0,900.0,1.0,1,0.9,12,0,0.0,other,grasp_6dof/dataset/gen_cylinder_patched_pruned_FIXED.json,cylinder.urdf_pc900_sq1.0_topk24_gen_cylinder_patched_pruned_FIXED
2025-11-20 23:44:49,grasp_6dof/assets/cylinder.urdf,0.08,24,1,11,400,5,900.0,0.0004,0.014,1.0,900.0,1.5,1,0.9,12,0,0.0,other,grasp_6dof/dataset/gen_cylinder_patched_pruned_FIXED.json,cylinder.urdf_pc900_sq1.5_topk24_gen_cylinder_patched_pruned_FIXED
2025-11-20 23:45:09,grasp_6dof/assets/cylinder.urdf,0.08,24,1,11,400,5,900.0,0.0004,0.014,1.0,1100.0,1.0,1,0.9,12,0,0.0,other,grasp_6dof/dataset/gen_cylinder_patched_pruned_FIXED.json,cylinder.urdf_pc1100_sq1.0_topk24_gen_cylinder_patched_pruned_FIXED
2025-11-20 23:45:29,grasp_6dof/assets/cylinder.urdf,0.08,24,1,11,400,5,900.0,0.0004,0.014,1.0,1100.0,1.5,1,0.9,12,0,0.0,other,grasp_6dof/dataset/gen_cylinder_patched_pruned_FIXED.json,cylinder.urdf_pc1100_sq1.5_topk24_gen_cylinder_patched_pruned_FIXED
2025-11-20 23:45:49,grasp_6dof/assets/cylinder.urdf,0.08,24,1,11,400,5,900.0,0.0006,0.014,0.6,700.0,1.0,1,0.9,12,0,0.0,other,grasp_6dof/dataset/gen_cylinder_patched_pruned_FIXED.json,cylinder.urdf_pc700_sq1.0_topk24_gen_cylinder_patched_pruned_FIXED
2025-11-20 23:46:09,grasp_6dof/assets/cylinder.urdf,0.08,24,1,11,400,5,900.0,0.0006,0.014,0.6,700.0,1.5,1,0.9,12,0,0.0,other,grasp_6dof/dataset/gen_cylinder_patched_pruned_FIXED.json,cylinder.urdf_pc700_sq1.5_topk24_gen_cylinder_patched_pruned_FIXED
2025-11-20 23:46:28,grasp_6dof/assets/cylinder.urdf,0.08,24,1,11,400,5,900.0,0.0006,0.014,0.6,900.0,1.0,1,0.9,12,0,0.0,other,grasp_6dof/dataset/gen_cylinder_patched_pruned_FIXED.json,cylinder.urdf_pc900_sq1.0_topk24_gen_cylinder_patched_pruned_FIXED
2025-11-20 23:46:46,grasp_6dof/assets/cylinder.urdf,0.08,24,1,11,400,5,900.0,0.0006,0.014,0.6,900.0,1.5,1,0.9,12,0,0.0,other,grasp_6dof/dataset/gen_cylinder_patched_pruned_FIXED.json,cylinder.urdf_pc900_sq1.5_topk24_gen_cylinder_patched_pruned_FIXED
2025-11-20 23:47:05,grasp_6dof/assets/cylinder.urdf,0.08,24,1,11,400,5,900.0,0.0006,0.014,0.6,1100.0,1.0,1,0.9,12,0,0.0,other,grasp_6dof/dataset/gen_cylinder_patched_pruned_FIXED.json,cylinder.urdf_pc1100_sq1.0_topk24_gen_cylinder_patched_pruned_FIXED
2025-11-20 23:47:23,grasp_6dof/assets/cylinder.urdf,0.08,24,1,11,400,5,900.0,0.0006,0.014,0.6,1100.0,1.5,1,0.9,12,0,0.0,other,grasp_6dof/dataset/gen_cylinder_patched_pruned_FIXED.json,cylinder.urdf_pc1100_sq1.5_topk24_gen_cylinder_patched_pruned_FIXED
2025-11-20 23:47:42,grasp_6dof/assets/cylinder.urdf,0.08,24,1,11,400,5,900.0,0.0006,0.014,0.8,700.0,1.0,1,0.9,12,0,0.0,other,grasp_6dof/dataset/gen_cylinder_patched_pruned_FIXED.json,cylinder.urdf_pc700_sq1.0_topk24_gen_cylinder_patched_pruned_FIXED
2025-11-20 23:48:00,grasp_6dof/assets/cylinder.urdf,0.08,24,1,11,400,5,900.0,0.0006,0.014,0.8,700.0,1.5,1,0.9,12,0,0.0,other,grasp_6dof/dataset/gen_cylinder_patched_pruned_FIXED.json,cylinder.urdf_pc700_sq1.5_topk24_gen_cylinder_patched_pruned_FIXED
2025-11-20 23:48:19,grasp_6dof/assets/cylinder.urdf,0.08,24,1,11,400,5,900.0,0.0006,0.014,0.8,900.0,1.0,1,0.9,12,0,0.0,other,grasp_6dof/dataset/gen_cylinder_patched_pruned_FIXED.json,cylinder.urdf_pc900_sq1.0_topk24_gen_cylinder_patched_pruned_FIXED
2025-11-20 23:48:38,grasp_6dof/assets/cylinder.urdf,0.08,24,1,11,400,5,900.0,0.0006,0.014,0.8,900.0,1.5,1,0.9,12,0,0.0,other,grasp_6dof/dataset/gen_cylinder_patched_pruned_FIXED.json,cylinder.urdf_pc900_sq1.5_topk24_gen_cylinder_patched_pruned_FIXED
2025-11-20 23:48:56,grasp_6dof/assets/cylinder.urdf,0.08,24,1,11,400,5,900.0,0.0006,0.014,0.8,1100.0,1.0,1,0.9,12,0,0.0,other,grasp_6dof/dataset/gen_cylinder_patched_pruned_FIXED.json,cylinder.urdf_pc1100_sq1.0_topk24_gen_cylinder_patched_pruned_FIXED
2025-11-20 23:49:15,grasp_6dof/assets/cylinder.urdf,0.08,24,1,11,400,5,900.0,0.0006,0.014,0.8,1100.0,1.5,1,0.9,12,0,0.0,other,grasp_6dof/dataset/gen_cylinder_patched_pruned_FIXED.json,cylinder.urdf_pc1100_sq1.5_topk24_gen_cylinder_patched_pruned_FIXED
2025-11-20 23:49:33,grasp_6dof/assets/cylinder.urdf,0.08,24,1,11,400,5,900.0,0.0006,0.014,1.0,700.0,1.0,1,0.9,12,0,0.0,other,grasp_6dof/dataset/gen_cylinder_patched_pruned_FIXED.json,cylinder.urdf_pc700_sq1.0_topk24_gen_cylinder_patched_pruned_FIXED
2025-11-20 23:49:52,grasp_6dof/assets/cylinder.urdf,0.08,24,1,11,400,5,900.0,0.0006,0.014,1.0,700.0,1.5,1,0.9,12,0,0.0,other,grasp_6dof/dataset/gen_cylinder_patched_pruned_FIXED.json,cylinder.urdf_pc700_sq1.5_topk24_gen_cylinder_patched_pruned_FIXED
2025-11-20 23:50:11,grasp_6dof/assets/cylinder.urdf,0.08,24,1,11,400,5,900.0,0.0006,0.014,1.0,900.0,1.0,1,0.9,12,0,0.0,other,grasp_6dof/dataset/gen_cylinder_patched_pruned_FIXED.json,cylinder.urdf_pc900_sq1.0_topk24_gen_cylinder_patched_pruned_FIXED
2025-11-20 23:50:29,grasp_6dof/assets/cylinder.urdf,0.08,24,1,11,400,5,900.0,0.0006,0.014,1.0,900.0,1.5,1,0.9,12,0,0.0,other,grasp_6dof/dataset/gen_cylinder_patched_pruned_FIXED.json,cylinder.urdf_pc900_sq1.5_topk24_gen_cylinder_patched_pruned_FIXED
2025-11-20 23:50:49,grasp_6dof/assets/cylinder.urdf,0.08,24,1,11,400,5,900.0,0.0006,0.014,1.0,1100.0,1.0,1,0.9,12,0,0.0,other,grasp_6dof/dataset/gen_cylinder_patched_pruned_FIXED.json,cylinder.urdf_pc1100_sq1.0_topk24_gen_cylinder_patched_pruned_FIXED
2025-11-20 23:51:10,grasp_6dof/assets/cylinder.urdf,0.08,24,1,11,400,5,900.0,0.0006,0.014,1.0,1100.0,1.5,1,0.9,12,0,0.0,other,grasp_6dof/dataset/gen_cylinder_patched_pruned_FIXED.json,cylinder.urdf_pc1100_sq1.5_topk24_gen_cylinder_patched_pruned_FIXED
2025-11-20 23:51:30,grasp_6dof/assets/cylinder.urdf,0.08,24,1,11,400,5,900.0,0.0004,0.016,0.6,700.0,1.0,1,0.9,12,0,0.0,other,grasp_6dof/dataset/gen_cylinder_patched_pruned_FIXED.json,cylinder.urdf_pc700_sq1.0_topk24_gen_cylinder_patched_pruned_FIXED
2025-11-20 23:51:51,grasp_6dof/assets/cylinder.urdf,0.08,24,1,11,400,5,900.0,0.0004,0.016,0.6,700.0,1.5,1,0.9,12,0,0.0,other,grasp_6dof/dataset/gen_cylinder_patched_pruned_FIXED.json,cylinder.urdf_pc700_sq1.5_topk24_gen_cylinder_patched_pruned_FIXED
2025-11-20 23:52:10,grasp_6dof/assets/cylinder.urdf,0.08,24,1,11,400,5,900.0,0.0004,0.016,0.6,900.0,1.0,1,0.9,12,0,0.0,other,grasp_6dof/dataset/gen_cylinder_patched_pruned_FIXED.json,cylinder.urdf_pc900_sq1.0_topk24_gen_cylinder_patched_pruned_FIXED
2025-11-20 23:52:30,grasp_6dof/assets/cylinder.urdf,0.08,24,1,11,400,5,900.0,0.0004,0.016,0.6,900.0,1.5,1,0.9,12,0,0.0,other,grasp_6dof/dataset/gen_cylinder_patched_pruned_FIXED.json,cylinder.urdf_pc900_sq1.5_topk24_gen_cylinder_patched_pruned_FIXED
2025-11-20 23:52:49,grasp_6dof/assets/cylinder.urdf,0.08,24,1,11,400,5,900.0,0.0004,0.016,0.6,1100.0,1.0,1,0.9,12,0,0.0,other,grasp_6dof/dataset/gen_cylinder_patched_pruned_FIXED.json,cylinder.urdf_pc1100_sq1.0_topk24_gen_cylinder_patched_pruned_FIXED
2025-11-20 23:53:08,grasp_6dof/assets/cylinder.urdf,0.08,24,1,11,400,5,900.0,0.0004,0.016,0.6,1100.0,1.5,1,0.9,12,0,0.0,other,grasp_6dof/dataset/gen_cylinder_patched_pruned_FIXED.json,cylinder.urdf_pc1100_sq1.5_topk24_gen_cylinder_patched_pruned_FIXED
2025-11-20 23:53:27,grasp_6dof/assets/cylinder.urdf,0.08,24,1,11,400,5,900.0,0.0004,0.016,0.8,700.0,1.0,1,0.9,12,0,0.0,other,grasp_6dof/dataset/gen_cylinder_patched_pruned_FIXED.json,cylinder.urdf_pc700_sq1.0_topk24_gen_cylinder_patched_pruned_FIXED
2025-11-20 23:53:46,grasp_6dof/assets/cylinder.urdf,0.08,24,1,11,400,5,900.0,0.0004,0.016,0.8,700.0,1.5,1,0.9,12,0,0.0,other,grasp_6dof/dataset/gen_cylinder_patched_pruned_FIXED.json,cylinder.urdf_pc700_sq1.5_topk24_gen_cylinder_patched_pruned_FIXED
2025-11-20 23:54:05,grasp_6dof/assets/cylinder.urdf,0.08,24,1,11,400,5,900.0,0.0004,0.016,0.8,900.0,1.0,1,0.9,12,0,0.0,other,grasp_6dof/dataset/gen_cylinder_patched_pruned_FIXED.json,cylinder.urdf_pc900_sq1.0_topk24_gen_cylinder_patched_pruned_FIXED
2025-11-20 23:54:24,grasp_6dof/assets/cylinder.urdf,0.08,24,1,11,400,5,900.0,0.0004,0.016,0.8,900.0,1.5,1,0.9,12,0,0.0,other,grasp_6dof/dataset/gen_cylinder_patched_pruned_FIXED.json,cylinder.urdf_pc900_sq1.5_topk24_gen_cylinder_patched_pruned_FIXED
2025-11-20 23:54:43,grasp_6dof/assets/cylinder.urdf,0.08,24,1,11,400,5,900.0,0.0004,0.016,0.8,1100.0,1.0,1,0.9,12,0,0.0,other,grasp_6dof/dataset/gen_cylinder_patched_pruned_FIXED.json,cylinder.urdf_pc1100_sq1.0_topk24_gen_cylinder_patched_pruned_FIXED
2025-11-20 23:55:02,grasp_6dof/assets/cylinder.urdf,0.08,24,1,11,400,5,900.0,0.0004,0.016,0.8,1100.0,1.5,1,0.9,12,0,0.0,other,grasp_6dof/dataset/gen_cylinder_patched_pruned_FIXED.json,cylinder.urdf_pc1100_sq1.5_topk24_gen_cylinder_patched_pruned_FIXED
2025-11-20 23:55:21,grasp_6dof/assets/cylinder.urdf,0.08,24,1,11,400,5,900.0,0.0004,0.016,1.0,700.0,1.0,1,0.9,12,0,0.0,other,grasp_6dof/dataset/gen_cylinder_patched_pruned_FIXED.json,cylinder.urdf_pc700_sq1.0_topk24_gen_cylinder_patched_pruned_FIXED
2025-11-20 23:55:40,grasp_6dof/assets/cylinder.urdf,0.08,24,1,11,400,5,900.0,0.0004,0.016,1.0,700.0,1.5,1,0.9,12,0,0.0,other,grasp_6dof/dataset/gen_cylinder_patched_pruned_FIXED.json,cylinder.urdf_pc700_sq1.5_topk24_gen_cylinder_patched_pruned_FIXED
2025-11-20 23:55:59,grasp_6dof/assets/cylinder.urdf,0.08,24,1,11,400,5,900.0,0.0004,0.016,1.0,900.0,1.0,1,0.9,12,0,0.0,other,grasp_6dof/dataset/gen_cylinder_patched_pruned_FIXED.json,cylinder.urdf_pc900_sq1.0_topk24_gen_cylinder_patched_pruned_FIXED
2025-11-20 23:56:18,grasp_6dof/assets/cylinder.urdf,0.08,24,1,11,400,5,900.0,0.0004,0.016,1.0,900.0,1.5,1,0.9,12,0,0.0,other,grasp_6dof/dataset/gen_cylinder_patched_pruned_FIXED.json,cylinder.urdf_pc900_sq1.5_topk24_gen_cylinder_patched_pruned_FIXED
2025-11-20 23:56:37,grasp_6dof/assets/cylinder.urdf,0.08,24,1,11,400,5,900.0,0.0004,0.016,1.0,1100.0,1.0,1,0.9,12,0,0.0,other,grasp_6dof/dataset/gen_cylinder_patched_pruned_FIXED.json,cylinder.urdf_pc1100_sq1.0_topk24_gen_cylinder_patched_pruned_FIXED
2025-11-20 23:56:56,grasp_6dof/assets/cylinder.urdf,0.08,24,1,11,400,5,900.0,0.0004,0.016,1.0,1100.0,1.5,1,0.9,12,0,0.0,other,grasp_6dof/dataset/gen_cylinder_patched_pruned_FIXED.json,cylinder.urdf_pc1100_sq1.5_topk24_gen_cylinder_patched_pruned_FIXED
2025-11-20 23:57:14,grasp_6dof/assets/cylinder.urdf,0.08,24,1,11,400,5,900.0,0.0006,0.016,0.6,700.0,1.0,1,0.9,12,0,0.0,other,grasp_6dof/dataset/gen_cylinder_patched_pruned_FIXED.json,cylinder.urdf_pc700_sq1.0_topk24_gen_cylinder_patched_pruned_FIXED
2025-11-20 23:57:33,grasp_6dof/assets/cylinder.urdf,0.08,24,1,11,400,5,900.0,0.0006,0.016,0.6,700.0,1.5,1,0.9,12,0,0.0,other,grasp_6dof/dataset/gen_cylinder_patched_pruned_FIXED.json,cylinder.urdf_pc700_sq1.5_topk24_gen_cylinder_patched_pruned_FIXED
2025-11-20 23:57:51,grasp_6dof/assets/cylinder.urdf,0.08,24,1,11,400,5,900.0,0.0006,0.016,0.6,900.0,1.0,1,0.9,12,0,0.0,other,grasp_6dof/dataset/gen_cylinder_patched_pruned_FIXED.json,cylinder.urdf_pc900_sq1.0_topk24_gen_cylinder_patched_pruned_FIXED
2025-11-20 23:58:10,grasp_6dof/assets/cylinder.urdf,0.08,24,1,11,400,5,900.0,0.0006,0.016,0.6,900.0,1.5,1,0.9,12,0,0.0,other,grasp_6dof/dataset/gen_cylinder_patched_pruned_FIXED.json,cylinder.urdf_pc900_sq1.5_topk24_gen_cylinder_patched_pruned_FIXED
2025-11-20 23:58:29,grasp_6dof/assets/cylinder.urdf,0.08,24,1,11,400,5,900.0,0.0006,0.016,0.6,1100.0,1.0,1,0.9,12,0,0.0,other,grasp_6dof/dataset/gen_cylinder_patched_pruned_FIXED.json,cylinder.urdf_pc1100_sq1.0_topk24_gen_cylinder_patched_pruned_FIXED
2025-11-20 23:58:48,grasp_6dof/assets/cylinder.urdf,0.08,24,1,11,400,5,900.0,0.0006,0.016,0.6,1100.0,1.5,1,0.9,12,0,0.0,other,grasp_6dof/dataset/gen_cylinder_patched_pruned_FIXED.json,cylinder.urdf_pc1100_sq1.5_topk24_gen_cylinder_patched_pruned_FIXED
2025-11-20 23:59:07,grasp_6dof/assets/cylinder.urdf,0.08,24,1,11,400,5,900.0,0.0006,0.016,0.8,700.0,1.0,1,0.9,12,0,0.0,other,grasp_6dof/dataset/gen_cylinder_patched_pruned_FIXED.json,cylinder.urdf_pc700_sq1.0_topk24_gen_cylinder_patched_pruned_FIXED
2025-11-20 23:59:25,grasp_6dof/assets/cylinder.urdf,0.08,24,1,11,400,5,900.0,0.0006,0.016,0.8,700.0,1.5,1,0.9,12,0,0.0,other,grasp_6dof/dataset/gen_cylinder_patched_pruned_FIXED.json,cylinder.urdf_pc700_sq1.5_topk24_gen_cylinder_patched_pruned_FIXED
2025-11-20 23:59:44,grasp_6dof/assets/cylinder.urdf,0.08,24,1,11,400,5,900.0,0.0006,0.016,0.8,900.0,1.0,1,0.9,12,0,0.0,other,grasp_6dof/dataset/gen_cylinder_patched_pruned_FIXED.json,cylinder.urdf_pc900_sq1.0_topk24_gen_cylinder_patched_pruned_FIXED
2025-11-21 00:00:03,grasp_6dof/assets/cylinder.urdf,0.08,24,1,11,400,5,900.0,0.0006,0.016,0.8,900.0,1.5,1,0.9,12,0,0.0,other,grasp_6dof/dataset/gen_cylinder_patched_pruned_FIXED.json,cylinder.urdf_pc900_sq1.5_topk24_gen_cylinder_patched_pruned_FIXED
2025-11-21 00:00:22,grasp_6dof/assets/cylinder.urdf,0.08,24,1,11,400,5,900.0,0.0006,0.016,0.8,1100.0,1.0,1,0.9,12,0,0.0,other,grasp_6dof/dataset/gen_cylinder_patched_pruned_FIXED.json,cylinder.urdf_pc1100_sq1.0_topk24_gen_cylinder_patched_pruned_FIXED
2025-11-21 00:00:41,grasp_6dof/assets/cylinder.urdf,0.08,24,1,11,400,5,900.0,0.0006,0.016,0.8,1100.0,1.5,1,0.9,12,0,0.0,other,grasp_6dof/dataset/gen_cylinder_patched_pruned_FIXED.json,cylinder.urdf_pc1100_sq1.5_topk24_gen_cylinder_patched_pruned_FIXED
2025-11-21 00:01:02,grasp_6dof/assets/cylinder.urdf,0.08,24,1,11,400,5,900.0,0.0006,0.016,1.0,700.0,1.0,1,0.9,12,0,0.0,other,grasp_6dof/dataset/gen_cylinder_patched_pruned_FIXED.json,cylinder.urdf_pc700_sq1.0_topk24_gen_cylinder_patched_pruned_FIXED
2025-11-21 00:01:23,grasp_6dof/assets/cylinder.urdf,0.08,24,1,11,400,5,900.0,0.0006,0.016,1.0,700.0,1.5,1,0.9,12,0,0.0,other,grasp_6dof/dataset/gen_cylinder_patched_pruned_FIXED.json,cylinder.urdf_pc700_sq1.5_topk24_gen_cylinder_patched_pruned_FIXED
2025-11-21 00:01:43,grasp_6dof/assets/cylinder.urdf,0.08,24,1,11,400,5,900.0,0.0006,0.016,1.0,900.0,1.0,1,0.9,12,0,0.0,other,grasp_6dof/dataset/gen_cylinder_patched_pruned_FIXED.json,cylinder.urdf_pc900_sq1.0_topk24_gen_cylinder_patched_pruned_FIXED
2025-11-21 00:02:04,grasp_6dof/assets/cylinder.urdf,0.08,24,1,11,400,5,900.0,0.0006,0.016,1.0,900.0,1.5,1,0.9,12,0,0.0,other,grasp_6dof/dataset/gen_cylinder_patched_pruned_FIXED.json,cylinder.urdf_pc900_sq1.5_topk24_gen_cylinder_patched_pruned_FIXED
2025-11-21 00:02:24,grasp_6dof/assets/cylinder.urdf,0.08,24,1,11,400,5,900.0,0.0006,0.016,1.0,1100.0,1.0,1,0.9,12,0,0.0,other,grasp_6dof/dataset/gen_cylinder_patched_pruned_FIXED.json,cylinder.urdf_pc1100_sq1.0_topk24_gen_cylinder_patched_pruned_FIXED
2025-11-21 00:02:43,grasp_6dof/assets/cylinder.urdf,0.08,24,1,11,400,5,900.0,0.0006,0.016,1.0,1100.0,1.5,1,0.9,12,0,0.0,other,grasp_6dof/dataset/gen_cylinder_patched_pruned_FIXED.json,cylinder.urdf_pc1100_sq1.5_topk24_gen_cylinder_patched_pruned_FIXED
2025-11-21 00:03:02,grasp_6dof/assets/cylinder.urdf,0.08,24,1,11,400,5,900.0,0.0004,0.02,0.6,700.0,1.0,1,0.9,12,0,0.0,other,grasp_6dof/dataset/gen_cylinder_patched_pruned_FIXED.json,cylinder.urdf_pc700_sq1.0_topk24_gen_cylinder_patched_pruned_FIXED
2025-11-21 00:03:21,grasp_6dof/assets/cylinder.urdf,0.08,24,1,11,400,5,900.0,0.0004,0.02,0.6,700.0,1.5,1,0.9,12,0,0.0,other,grasp_6dof/dataset/gen_cylinder_patched_pruned_FIXED.json,cylinder.urdf_pc700_sq1.5_topk24_gen_cylinder_patched_pruned_FIXED
2025-11-21 00:03:40,grasp_6dof/assets/cylinder.urdf,0.08,24,1,11,400,5,900.0,0.0004,0.02,0.6,900.0,1.0,1,0.9,12,0,0.0,other,grasp_6dof/dataset/gen_cylinder_patched_pruned_FIXED.json,cylinder.urdf_pc900_sq1.0_topk24_gen_cylinder_patched_pruned_FIXED
2025-11-21 00:03:59,grasp_6dof/assets/cylinder.urdf,0.08,24,1,11,400,5,900.0,0.0004,0.02,0.6,900.0,1.5,1,0.9,12,0,0.0,other,grasp_6dof/dataset/gen_cylinder_patched_pruned_FIXED.json,cylinder.urdf_pc900_sq1.5_topk24_gen_cylinder_patched_pruned_FIXED
2025-11-21 00:04:19,grasp_6dof/assets/cylinder.urdf,0.08,24,1,11,400,5,900.0,0.0004,0.02,0.6,1100.0,1.0,1,0.9,12,0,0.0,other,grasp_6dof/dataset/gen_cylinder_patched_pruned_FIXED.json,cylinder.urdf_pc1100_sq1.0_topk24_gen_cylinder_patched_pruned_FIXED
2025-11-21 00:04:38,grasp_6dof/assets/cylinder.urdf,0.08,24,1,11,400,5,900.0,0.0004,0.02,0.6,1100.0,1.5,1,0.9,12,0,0.0,other,grasp_6dof/dataset/gen_cylinder_patched_pruned_FIXED.json,cylinder.urdf_pc1100_sq1.5_topk24_gen_cylinder_patched_pruned_FIXED
2025-11-21 00:04:57,grasp_6dof/assets/cylinder.urdf,0.08,24,1,11,400,5,900.0,0.0004,0.02,0.8,700.0,1.0,1,0.9,12,0,0.0,other,grasp_6dof/dataset/gen_cylinder_patched_pruned_FIXED.json,cylinder.urdf_pc700_sq1.0_topk24_gen_cylinder_patched_pruned_FIXED
2025-11-21 00:05:16,grasp_6dof/assets/cylinder.urdf,0.08,24,1,11,400,5,900.0,0.0004,0.02,0.8,700.0,1.5,1,0.9,12,0,0.0,other,grasp_6dof/dataset/gen_cylinder_patched_pruned_FIXED.json,cylinder.urdf_pc700_sq1.5_topk24_gen_cylinder_patched_pruned_FIXED
2025-11-21 00:05:35,grasp_6dof/assets/cylinder.urdf,0.08,24,1,11,400,5,900.0,0.0004,0.02,0.8,900.0,1.0,1,0.9,12,0,0.0,other,grasp_6dof/dataset/gen_cylinder_patched_pruned_FIXED.json,cylinder.urdf_pc900_sq1.0_topk24_gen_cylinder_patched_pruned_FIXED
2025-11-21 00:05:55,grasp_6dof/assets/cylinder.urdf,0.08,24,1,11,400,5,900.0,0.0004,0.02,0.8,900.0,1.5,1,0.9,12,0,0.0,other,grasp_6dof/dataset/gen_cylinder_patched_pruned_FIXED.json,cylinder.urdf_pc900_sq1.5_topk24_gen_cylinder_patched_pruned_FIXED
2025-11-21 00:06:14,grasp_6dof/assets/cylinder.urdf,0.08,24,1,11,400,5,900.0,0.0004,0.02,0.8,1100.0,1.0,1,0.9,12,0,0.0,other,grasp_6dof/dataset/gen_cylinder_patched_pruned_FIXED.json,cylinder.urdf_pc1100_sq1.0_topk24_gen_cylinder_patched_pruned_FIXED
2025-11-21 00:06:34,grasp_6dof/assets/cylinder.urdf,0.08,24,1,11,400,5,900.0,0.0004,0.02,0.8,1100.0,1.5,1,0.9,12,0,0.0,other,grasp_6dof/dataset/gen_cylinder_patched_pruned_FIXED.json,cylinder.urdf_pc1100_sq1.5_topk24_gen_cylinder_patched_pruned_FIXED
2025-11-21 00:06:53,grasp_6dof/assets/cylinder.urdf,0.08,24,1,11,400,5,900.0,0.0004,0.02,1.0,700.0,1.0,1,0.9,12,0,0.0,other,grasp_6dof/dataset/gen_cylinder_patched_pruned_FIXED.json,cylinder.urdf_pc700_sq1.0_topk24_gen_cylinder_patched_pruned_FIXED
2025-11-21 00:07:12,grasp_6dof/assets/cylinder.urdf,0.08,24,1,11,400,5,900.0,0.0004,0.02,1.0,700.0,1.5,1,0.9,12,0,0.0,other,grasp_6dof/dataset/gen_cylinder_patched_pruned_FIXED.json,cylinder.urdf_pc700_sq1.5_topk24_gen_cylinder_patched_pruned_FIXED
2025-11-21 00:07:32,grasp_6dof/assets/cylinder.urdf,0.08,24,1,11,400,5,900.0,0.0004,0.02,1.0,900.0,1.0,1,0.9,12,0,0.0,other,grasp_6dof/dataset/gen_cylinder_patched_pruned_FIXED.json,cylinder.urdf_pc900_sq1.0_topk24_gen_cylinder_patched_pruned_FIXED
2025-11-21 00:07:52,grasp_6dof/assets/cylinder.urdf,0.08,24,1,11,400,5,900.0,0.0004,0.02,1.0,900.0,1.5,1,0.9,12,0,0.0,other,grasp_6dof/dataset/gen_cylinder_patched_pruned_FIXED.json,cylinder.urdf_pc900_sq1.5_topk24_gen_cylinder_patched_pruned_FIXED
2025-11-21 00:08:11,grasp_6dof/assets/cylinder.urdf,0.08,24,1,11,400,5,900.0,0.0004,0.02,1.0,1100.0,1.0,1,0.9,12,0,0.0,other,grasp_6dof/dataset/gen_cylinder_patched_pruned_FIXED.json,cylinder.urdf_pc1100_sq1.0_topk24_gen_cylinder_patched_pruned_FIXED
2025-11-21 00:08:31,grasp_6dof/assets/cylinder.urdf,0.08,24,1,11,400,5,900.0,0.0004,0.02,1.0,1100.0,1.5,1,0.9,12,0,0.0,other,grasp_6dof/dataset/gen_cylinder_patched_pruned_FIXED.json,cylinder.urdf_pc1100_sq1.5_topk24_gen_cylinder_patched_pruned_FIXED
2025-11-21 00:08:50,grasp_6dof/assets/cylinder.urdf,0.08,24,1,11,400,5,900.0,0.0006,0.02,0.6,700.0,1.0,1,0.9,12,0,0.0,other,grasp_6dof/dataset/gen_cylinder_patched_pruned_FIXED.json,cylinder.urdf_pc700_sq1.0_topk24_gen_cylinder_patched_pruned_FIXED
2025-11-21 00:09:10,grasp_6dof/assets/cylinder.urdf,0.08,24,1,11,400,5,900.0,0.0006,0.02,0.6,700.0,1.5,1,0.9,12,0,0.0,other,grasp_6dof/dataset/gen_cylinder_patched_pruned_FIXED.json,cylinder.urdf_pc700_sq1.5_topk24_gen_cylinder_patched_pruned_FIXED
2025-11-21 00:09:30,grasp_6dof/assets/cylinder.urdf,0.08,24,1,11,400,5,900.0,0.0006,0.02,0.6,900.0,1.0,1,0.9,12,0,0.0,other,grasp_6dof/dataset/gen_cylinder_patched_pruned_FIXED.json,cylinder.urdf_pc900_sq1.0_topk24_gen_cylinder_patched_pruned_FIXED
2025-11-21 00:09:50,grasp_6dof/assets/cylinder.urdf,0.08,24,1,11,400,5,900.0,0.0006,0.02,0.6,900.0,1.5,1,0.9,12,0,0.0,other,grasp_6dof/dataset/gen_cylinder_patched_pruned_FIXED.json,cylinder.urdf_pc900_sq1.5_topk24_gen_cylinder_patched_pruned_FIXED
2025-11-21 00:10:11,grasp_6dof/assets/cylinder.urdf,0.08,24,1,11,400,5,900.0,0.0006,0.02,0.6,1100.0,1.0,1,0.9,12,0,0.0,other,grasp_6dof/dataset/gen_cylinder_patched_pruned_FIXED.json,cylinder.urdf_pc1100_sq1.0_topk24_gen_cylinder_patched_pruned_FIXED
2025-11-21 00:10:31,grasp_6dof/assets/cylinder.urdf,0.08,24,1,11,400,5,900.0,0.0006,0.02,0.6,1100.0,1.5,1,0.9,12,0,0.0,other,grasp_6dof/dataset/gen_cylinder_patched_pruned_FIXED.json,cylinder.urdf_pc1100_sq1.5_topk24_gen_cylinder_patched_pruned_FIXED
2025-11-21 00:10:50,grasp_6dof/assets/cylinder.urdf,0.08,24,1,11,400,5,900.0,0.0006,0.02,0.8,700.0,1.0,1,0.9,12,0,0.0,other,grasp_6dof/dataset/gen_cylinder_patched_pruned_FIXED.json,cylinder.urdf_pc700_sq1.0_topk24_gen_cylinder_patched_pruned_FIXED
2025-11-21 00:11:10,grasp_6dof/assets/cylinder.urdf,0.08,24,1,11,400,5,900.0,0.0006,0.02,0.8,700.0,1.5,1,0.9,12,0,0.0,other,grasp_6dof/dataset/gen_cylinder_patched_pruned_FIXED.json,cylinder.urdf_pc700_sq1.5_topk24_gen_cylinder_patched_pruned_FIXED
2025-11-21 00:11:29,grasp_6dof/assets/cylinder.urdf,0.08,24,1,11,400,5,900.0,0.0006,0.02,0.8,900.0,1.0,1,0.9,12,0,0.0,other,grasp_6dof/dataset/gen_cylinder_patched_pruned_FIXED.json,cylinder.urdf_pc900_sq1.0_topk24_gen_cylinder_patched_pruned_FIXED
2025-11-21 00:11:49,grasp_6dof/assets/cylinder.urdf,0.08,24,1,11,400,5,900.0,0.0006,0.02,0.8,900.0,1.5,1,0.9,12,0,0.0,other,grasp_6dof/dataset/gen_cylinder_patched_pruned_FIXED.json,cylinder.urdf_pc900_sq1.5_topk24_gen_cylinder_patched_pruned_FIXED
2025-11-21 00:12:08,grasp_6dof/assets/cylinder.urdf,0.08,24,1,11,400,5,900.0,0.0006,0.02,0.8,1100.0,1.0,1,0.9,12,0,0.0,other,grasp_6dof/dataset/gen_cylinder_patched_pruned_FIXED.json,cylinder.urdf_pc1100_sq1.0_topk24_gen_cylinder_patched_pruned_FIXED
2025-11-21 00:12:28,grasp_6dof/assets/cylinder.urdf,0.08,24,1,11,400,5,900.0,0.0006,0.02,0.8,1100.0,1.5,1,0.9,12,0,0.0,other,grasp_6dof/dataset/gen_cylinder_patched_pruned_FIXED.json,cylinder.urdf_pc1100_sq1.5_topk24_gen_cylinder_patched_pruned_FIXED
2025-11-21 00:12:47,grasp_6dof/assets/cylinder.urdf,0.08,24,1,11,400,5,900.0,0.0006,0.02,1.0,700.0,1.0,1,0.9,12,0,0.0,other,grasp_6dof/dataset/gen_cylinder_patched_pruned_FIXED.json,cylinder.urdf_pc700_sq1.0_topk24_gen_cylinder_patched_pruned_FIXED
2025-11-21 00:13:07,grasp_6dof/assets/cylinder.urdf,0.08,24,1,11,400,5,900.0,0.0006,0.02,1.0,700.0,1.5,1,0.9,12,0,0.0,other,grasp_6dof/dataset/gen_cylinder_patched_pruned_FIXED.json,cylinder.urdf_pc700_sq1.5_topk24_gen_cylinder_patched_pruned_FIXED
2025-11-21 00:13:26,grasp_6dof/assets/cylinder.urdf,0.08,24,1,11,400,5,900.0,0.0006,0.02,1.0,900.0,1.0,1,0.9,12,0,0.0,other,grasp_6dof/dataset/gen_cylinder_patched_pruned_FIXED.json,cylinder.urdf_pc900_sq1.0_topk24_gen_cylinder_patched_pruned_FIXED
2025-11-21 00:13:46,grasp_6dof/assets/cylinder.urdf,0.08,24,1,11,400,5,900.0,0.0006,0.02,1.0,900.0,1.5,1,0.9,12,0,0.0,other,grasp_6dof/dataset/gen_cylinder_patched_pruned_FIXED.json,cylinder.urdf_pc900_sq1.5_topk24_gen_cylinder_patched_pruned_FIXED
2025-11-21 00:14:05,grasp_6dof/assets/cylinder.urdf,0.08,24,1,11,400,5,900.0,0.0006,0.02,1.0,1100.0,1.0,1,0.9,12,0,0.0,other,grasp_6dof/dataset/gen_cylinder_patched_pruned_FIXED.json,cylinder.urdf_pc1100_sq1.0_topk24_gen_cylinder_patched_pruned_FIXED
2025-11-21 00:14:25,grasp_6dof/assets/cylinder.urdf,0.08,24,1,11,400,5,900.0,0.0006,0.02,1.0,1100.0,1.5,1,0.9,12,0,0.0,other,grasp_6dof/dataset/gen_cylinder_patched_pruned_FIXED.json,cylinder.urdf_pc1100_sq1.5_topk24_gen_cylinder_patched_pruned_FIXED
